{"cameraMode":{"drawMode":0,"name":"Shaded","section":"Shading Mode"},"sceneLighting":false,"audioPlay":false,"sceneViewState":{"showFog":true,"showMaterialUpdate":false,"showSkybox":true,"showFlares":true,"showImageEffects":true,"showParticleSystems":true},"in2DMode":false,"pivot":{"x":31.957183837890626,"y":0.5669107437133789,"z":-6.539604187011719},"rotation":{"x":0.13339273631572724,"y":0.016346784308552743,"z":-0.002200567629188299,"w":0.9909260272979736},"size":19.303237915039064,"orthographic":false}